time,left_knee,right_knee,left_hip,right_hip,left_ankle,right_ankle
0.0,139.00584411621094,130.20086669921875,170.38563537597656,137.58265686035156,161.29983520507812,93.89796447753906
3.333240997229916e-05,138.5098114013672,130.37384033203125,170.4261016845703,137.48057556152344,161.27352905273438,93.28694152832031
6.666481994459833e-05,124.00270080566406,118.37993621826172,166.44105529785156,131.47259521484375,155.8198699951172,89.03679656982422
9.999722991689749e-05,110.5477066040039,112.10538482666016,163.3179168701172,131.3063507080078,158.6884307861328,82.7948226928711
0.00013332963988919665,91.9983901977539,106.26776123046875,146.7274627685547,131.3982696533203,159.16937255859375,83.22367858886719
0.00016666204986149583,88.4102783203125,111.20817565917969,140.82177734375,138.5110626220703,153.8179168701172,68.79283142089844
0.00019999445983379498,91.63113403320312,130.42979431152344,131.9136505126953,157.4212188720703,153.72166442871094,67.17964172363281
0.00023332686980609418,101.12129974365234,147.0638427734375,127.0136489868164,173.03248596191406,147.10755920410156,75.50860595703125
0.0002666592797783933,113.0372085571289,155.12728881835938,129.8059539794922,174.15518188476562,138.36143493652344,87.71720123291016
0.00029999168975069254,123.64875793457031,160.1255340576172,132.7136688232422,167.06056213378906,140.53555297851562,98.5759506225586
0.00033332409972299166,137.3146209716797,163.5545654296875,134.7378692626953,163.16775512695312,130.5330810546875,107.84049987792969
0.00036665650969529084,146.60263061523438,165.60963439941406,133.97802734375,162.1310577392578,122.43087005615234,109.9254150390625
0.00039998891966758996,157.94960021972656,166.374755859375,137.24942016601562,159.18551635742188,122.95954895019531,110.2261962890625
0.0004333213296398892,167.08645629882812,168.651123046875,142.8484344482422,154.73318481445312,121.59221649169922,113.62760162353516
0.00046665373961218837,166.1796875,169.34353637695312,146.19122314453125,153.15533447265625,120.32880401611328,109.3071517944336
0.0004999861495844875,159.8261260986328,164.05209350585938,147.08750915527344,157.6365966796875,124.98068237304688,114.36155700683594
0.0005333185595567866,150.86500549316406,149.09490966796875,146.06634521484375,163.47662353515625,126.3365478515625,129.1605682373047
0.0005666509695290858,145.64349365234375,125.71662902832031,147.9297332763672,166.4803009033203,130.09005737304688,131.6757049560547
0.0005999833795013851,146.6271514892578,106.9406967163086,154.18878173828125,163.24400329589844,133.61700439453125,136.62486267089844
0.0006333157894736842,150.3511505126953,91.72093200683594,157.1072998046875,150.8480224609375,130.64031982421875,134.5620880126953
0.0006666481994459833,151.54293823242188,88.55733489990234,160.81494140625,138.14248657226562,133.9824676513672,126.96321105957031
0.0006999806094182826,156.7433624267578,89.49520111083984,167.83465576171875,128.07229614257812,110.92601013183594,101.54767608642578
0.0007333130193905817,163.5037384033203,97.77039337158203,175.2976837158203,123.33680725097656,121.73456573486328,103.99287414550781
0.0007666454293628808,166.84695434570312,109.10073852539062,170.21713256835938,121.38845825195312,131.56358337402344,92.2009048461914
0.0007999778393351799,170.37225341796875,122.45930480957031,167.01710510253906,120.92185974121094,137.1552276611328,85.193603515625
0.0008333102493074793,162.79107666015625,133.64259338378906,167.05628967285156,121.35540771484375,146.32997131347656,88.91909790039062
0.0008666426592797784,156.8349151611328,141.6615447998047,167.92105102539062,123.40996551513672,135.1728057861328,93.76918029785156
0.0008999750692520775,150.90872192382812,148.90342712402344,169.02606201171875,127.87821197509766,142.13316345214844,99.09678649902344
0.0009333074792243767,146.73654174804688,156.16543579101562,169.81361389160156,137.60763549804688,153.69546508789062,97.61006927490234
0.0009666398891966759,140.09844970703125,150.4642791748047,168.9880828857422,141.19528198242188,149.3559112548828,93.12833404541016
0.000999972299168975,130.6884002685547,136.47506713867188,171.4331512451172,139.9183807373047,156.01611328125,89.36377716064453
0.0010333047091412742,114.58650207519531,128.65362548828125,162.22894287109375,136.4141387939453,158.28271484375,85.90127563476562
0.0010666371191135732,105.54852294921875,127.65454864501953,154.1204071044922,137.6517333984375,160.68881225585938,79.50614166259766
0.0010999695290858725,88.64453125,118.93097686767578,142.13916015625,137.67832946777344,151.2710418701172,74.46875762939453
0.0011333019390581717,95.51692962646484,132.41087341308594,136.8126678466797,149.8665771484375,154.1995086669922,70.9627456665039
0.001166634349030471,91.45632934570312,148.4464569091797,127.0888900756836,164.56065368652344,150.48214721679688,75.65620422363281
0.0011999667590027701,93.10933685302734,154.94613647460938,120.91416931152344,176.85775756835938,147.71861267089844,84.85710906982422
0.0012332991689750692,106.73290252685547,156.22146606445312,125.0071029663086,175.5318145751953,136.85862731933594,86.60089874267578
0.0012666315789473684,108.79338073730469,157.11569213867188,124.22174835205078,170.728271484375,133.4680938720703,94.31558227539062
0.0012999639889196674,116.2105941772461,158.13763427734375,124.9620361328125,166.87156677246094,127.74186706542969,100.51020812988281
0.0013332963988919666,124.38382720947266,157.3806610107422,125.56269073486328,162.54971313476562,125.92611694335938,111.56851196289062
0.0013666288088642659,128.23622131347656,157.98391723632812,123.82732391357422,161.4713134765625,122.25990295410156,109.07986450195312
0.001399961218836565,134.41075134277344,160.7816619873047,124.43721008300781,159.92918395996094,120.24612426757812,103.4438705444336
0.0014332936288088643,137.61927795410156,164.09617614746094,123.56072998046875,159.9925994873047,120.33692169189453,102.29794311523438
0.0014666260387811633,140.31640625,164.7010040283203,123.94063568115234,160.31198120117188,120.17164611816406,101.96620178222656
0.0014999584487534626,142.64315795898438,165.08396911621094,124.25865173339844,159.958740234375,116.50201416015625,97.1495361328125
0.0015332908587257616,143.66783142089844,164.04281616210938,124.51009368896484,157.39007568359375,117.19707489013672,94.5478515625
0.0015666232686980608,146.02908325195312,164.9486846923828,125.793212890625,156.83079528808594,119.0037612915039,97.7950210571289
0.0015999556786703598,146.97914123535156,165.7991943359375,126.50431823730469,155.42909240722656,118.87531280517578,96.26759338378906
0.0016332880886426593,148.33392333984375,165.5763702392578,127.029052734375,154.80128479003906,119.68360137939453,93.06166076660156
0.0016666204986149585,150.23614501953125,164.18716430664062,129.1253204345703,153.03460693359375,120.56204223632812,95.2123794555664
0.0016999529085872575,153.27294921875,165.6278533935547,131.96337890625,151.02003479003906,117.85526275634766,96.90922546386719
0.0017332853185595568,158.3513946533203,166.90576171875,134.7061309814453,150.55242919921875,118.78582763671875,102.34484100341797
0.0017666177285318558,159.33074951171875,167.54920959472656,137.14149475097656,149.34805297851562,121.62550354003906,110.1396484375
0.001799950138504155,161.01434326171875,167.2686004638672,139.52882385253906,149.54736328125,122.69271850585938,116.06656646728516
0.001833282548476454,161.4641571044922,168.13722229003906,140.63087463378906,149.9338836669922,121.28365325927734,114.8970718383789
0.0018666149584487535,161.8224334716797,166.58860778808594,141.48867797851562,150.60113525390625,121.3095703125,117.56455993652344
0.0018999473684210527,160.4508514404297,166.1736297607422,143.02833557128906,151.96728515625,121.65631103515625,111.76738739013672
0.0019332797783933517,160.88076782226562,165.5670623779297,143.5944366455078,153.321533203125,118.80728912353516,111.88618469238281
0.0019666121883656507,160.59532165527344,164.74942016601562,144.02745056152344,154.46859741210938,119.55299377441406,111.18773651123047
0.00199994459833795,159.5501708984375,164.00416564941406,144.0890350341797,155.77423095703125,120.5455551147461,111.88507843017578
0.002033277008310249,157.9900665283203,164.15467834472656,143.9549560546875,155.54518127441406,122.46125793457031,111.39263153076172
0.0020666094182825484,156.67808532714844,162.65496826171875,143.88165283203125,156.71542358398438,123.45675659179688,119.27485656738281
0.0020999418282548477,155.6988525390625,159.68569946289062,144.0675048828125,158.50433349609375,120.29793548583984,114.85462951660156
0.0021332742382271465,153.36715698242188,156.2109375,143.4820556640625,160.7736053466797,121.30425262451172,114.02983856201172
0.002166606648199446,152.18386840820312,152.69021606445312,144.292724609375,163.02792358398438,123.7294921875,113.40534210205078
0.002199939058171745,151.27610778808594,149.1493377685547,145.8594207763672,163.99974060058594,121.88780212402344,115.01038360595703
0.002233271468144044,148.96099853515625,142.7618408203125,145.5149383544922,165.76309204101562,123.10926818847656,119.47856903076172
0.0022666038781163434,146.7589569091797,136.7505340576172,145.04832458496094,166.61346435546875,126.17098236083984,122.5550537109375
0.0022999362880886426,143.94215393066406,128.5331573486328,144.2795867919922,164.79908752441406,127.5224380493164,120.17601776123047
0.002333268698060942,142.27549743652344,124.94499969482422,145.66822814941406,162.5659637451172,128.78555297851562,119.42784881591797
0.0023666011080332406,142.85105895996094,124.27326202392578,146.6800994873047,163.77919006347656,130.4470672607422,122.72116088867188
0.0023999335180055403,141.3684539794922,122.01468658447266,146.4493408203125,163.90309143066406,134.72987365722656,123.52989959716797
0.002433265927977839,143.3211212158203,116.44583129882812,148.59190368652344,159.9117889404297,136.45616149902344,128.37564086914062
0.0024665983379501383,146.20462036132812,112.59734344482422,151.64976501464844,159.0648651123047,134.698486328125,130.5126190185547
0.0024999307479224376,148.026123046875,109.07368469238281,154.56991577148438,159.1293182373047,133.51710510253906,133.89874267578125
0.002533263157894737,150.39939880371094,104.89800262451172,156.76669311523438,157.40478515625,136.8522491455078,135.11170959472656
0.002566595567867036,152.82093811035156,104.97486114501953,158.2222900390625,156.4310760498047,136.8097686767578,136.10289001464844
0.002599927977839335,147.3994598388672,103.39859771728516,156.4004364013672,157.1920166015625,135.14077758789062,131.49046325683594
0.0026332603878116345,143.6389617919922,101.81290435791016,155.43539428710938,157.691162109375,131.57891845703125,130.25257873535156
0.0026665927977839333,144.194580078125,101.19023895263672,155.54470825195312,156.84506225585938,132.09439086914062,129.19113159179688
0.0026999252077562325,149.8470916748047,97.10739135742188,157.02407836914062,151.83399963378906,133.20594787597656,125.08678436279297
0.0027332576177285317,153.20826721191406,91.9397964477539,159.51333618164062,146.28298950195312,131.99526977539062,129.30104064941406
0.002766590027700831,154.618896484375,90.8514633178711,160.928466796875,143.2303466796875,125.47476196289062,128.66839599609375
0.00279992243767313,158.12008666992188,91.6432113647461,163.39578247070312,140.11447143554688,126.21611022949219,131.5088348388672
0.002833254847645429,158.2723846435547,89.36194610595703,163.2008056640625,136.12245178222656,128.61280822753906,133.42706298828125
0.0028665872576177287,158.456787109375,90.97232055664062,163.7505340576172,135.07608032226562,119.9668197631836,122.80593872070312
0.0028999196675900275,157.61636352539062,93.68098449707031,164.825927734375,136.10760498046875,107.2121353149414,100.97369384765625
0.0029332520775623267,159.334716796875,93.68711853027344,167.74502563476562,132.71949768066406,106.53706359863281,100.45404052734375
0.0029665844875346255,158.80398559570312,92.40100860595703,169.39791870117188,129.9957275390625,108.1290054321289,101.30229187011719
0.002999916897506925,158.2398223876953,91.91226959228516,169.58033752441406,129.08743286132812,109.01444244384766,102.34110260009766
0.0030332493074792244,158.17015075683594,91.56951904296875,171.12010192871094,128.035888671875,108.25303649902344,100.25480651855469
0.003066581717451523,158.0164031982422,92.57324981689453,171.72332763671875,127.6269302368164,108.93389129638672,98.5865478515625
0.003099914127423823,158.75184631347656,95.86015319824219,172.26681518554688,127.65565490722656,108.8416976928711,98.70858764648438
0.0031332465373961216,159.23605346679688,97.69229888916016,172.1345977783203,127.0469970703125,108.05018615722656,97.2276382446289
0.003166578947368421,160.24314880371094,96.67605590820312,172.4449005126953,124.60565185546875,107.74598693847656,99.02320098876953
0.0031999113573407197,160.0952911376953,96.74995422363281,171.97300720214844,122.17437744140625,105.77642822265625,99.01575469970703
0.0032332437673130193,161.10971069335938,95.14840698242188,171.94642639160156,119.38288116455078,106.38733673095703,97.40375518798828
0.0032665761772853186,161.4664306640625,96.00568389892578,170.4838409423828,117.40863800048828,113.71569061279297,96.48062896728516
0.0032999085872576174,162.1479949951172,98.2541732788086,169.63763427734375,117.87019348144531,114.50395202636719,95.54833984375
0.003333240997229917,164.5526885986328,100.16051483154297,168.65298461914062,117.79927062988281,118.67337036132812,92.90426635742188
0.003366573407202216,166.94361877441406,102.57565307617188,167.54946899414062,118.97598266601562,115.53970336914062,92.00133514404297
0.003399905817174515,166.79864501953125,103.80268859863281,167.1753387451172,119.60211181640625,119.2547836303711,90.37915802001953
0.003433238227146814,166.8677520751953,104.2691650390625,167.33807373046875,117.80059814453125,139.06019592285156,95.93064880371094
0.0034665706371191135,166.3486328125,106.0150375366211,166.44374084472656,118.13470458984375,145.95925903320312,98.82642364501953
0.0034999030470914128,165.59352111816406,109.19625854492188,166.7056884765625,119.10449981689453,152.0243682861328,95.35758972167969
0.0035332354570637116,165.7688446044922,109.64652252197266,166.3973846435547,119.04029083251953,152.99969482421875,95.4542236328125
0.0035665678670360112,165.3957061767578,112.22352600097656,166.60958862304688,119.2850112915039,146.73291015625,93.62210845947266
0.00359990027700831,165.193115234375,114.18790435791016,164.56373596191406,120.37845611572266,137.53955078125,94.09883880615234
0.0036332326869806092,166.46864318847656,115.6230239868164,163.5130615234375,120.29736328125,131.95272827148438,94.42987823486328
0.003666565096952908,166.07460021972656,117.59588623046875,163.43716430664062,119.80795288085938,124.68551635742188,93.24916076660156
0.0036998975069252077,165.1412811279297,120.71868896484375,164.31117248535156,121.06853485107422,136.6197509765625,90.7689437866211
0.003733229916897507,164.3011932373047,123.6348876953125,165.41993713378906,121.56936645507812,145.54464721679688,90.08753204345703
0.0037665623268698057,163.4053955078125,124.9957275390625,164.76060485839844,121.62122344970703,149.90773010253906,91.95256042480469
0.0037998947368421054,163.14747619628906,127.12097930908203,164.54127502441406,122.12509155273438,146.67288208007812,95.15999603271484
0.003833227146814404,161.4910125732422,128.4870147705078,164.68557739257812,121.89253234863281,138.81936645507812,95.56181335449219
0.0038665595567867034,162.18028259277344,131.80555725097656,163.8367919921875,123.56791687011719,133.6458282470703,95.96896362304688
0.0038998919667590022,161.29969787597656,133.34193420410156,165.09658813476562,123.9083251953125,129.54627990722656,94.72821807861328
0.0039332243767313015,159.98092651367188,135.27549743652344,165.4694061279297,124.96762084960938,126.91817474365234,92.94053649902344
0.0039665567867036,159.45372009277344,136.62344360351562,165.71820068359375,125.3831787109375,131.1488494873047,92.66078186035156
0.0039998891966759,158.90548706054688,139.9859619140625,166.52438354492188,127.76590728759766,136.2690887451172,91.6824951171875
0.0040332216066482,159.02932739257812,140.95266723632812,166.4130859375,128.69493103027344,138.8253173828125,90.55107879638672
0.004066554016620498,159.95738220214844,143.5380401611328,165.88185119628906,129.49075317382812,136.3962860107422,90.44252014160156
0.004099886426592797,158.8848419189453,145.32766723632812,167.35467529296875,130.39773559570312,131.83348083496094,90.68832397460938
0.004133218836565097,157.81991577148438,146.62469482421875,167.92071533203125,131.6903839111328,130.4169464111328,91.12425231933594
0.004166551246537396,157.4698486328125,147.7529296875,168.32156372070312,132.38511657714844,131.36410522460938,91.22610473632812
0.004199883656509695,157.52772521972656,150.75936889648438,167.85763549804688,136.70196533203125,132.3046112060547,90.48283386230469
0.004233216066481995,157.20265197753906,150.98976135253906,168.6934356689453,137.42466735839844,129.5272674560547,91.30184936523438
0.004266548476454293,157.2567138671875,150.80836486816406,168.35934448242188,137.22329711914062,130.39599609375,90.16743469238281
0.0042998808864265926,157.6551055908203,151.40090942382812,168.82534790039062,138.0601806640625,126.66985321044922,88.81655883789062
0.004333213296398892,158.24964904785156,150.44981384277344,169.61737060546875,138.07318115234375,126.39498901367188,90.54790496826172
0.004366545706371191,158.35841369628906,151.09292602539062,169.51947021484375,138.51007080078125,127.828857421875,93.6806640625
0.00439987811634349,155.87164306640625,151.55812072753906,169.73167419433594,138.29379272460938,124.74481201171875,96.58802795410156
0.004433210526315789,157.47787475585938,144.75880432128906,170.62965393066406,137.78175354003906,128.83470153808594,92.16581726074219
0.004466542936288088,153.47869873046875,142.69952392578125,172.1339874267578,138.02593994140625,130.5674285888672,92.35122680664062
0.004499875346260388,151.77452087402344,140.4187774658203,174.17343139648438,138.09349060058594,124.06822204589844,89.51679229736328
0.004533207756232687,148.1333770751953,139.89971923828125,174.9045867919922,140.12603759765625,124.57978057861328,91.57955932617188
0.0045665401662049855,146.45252990722656,144.98016357421875,175.24658203125,143.76881408691406,121.47631072998047,90.74011993408203
0.004599872576177285,144.5945587158203,136.25494384765625,175.12481689453125,140.5489959716797,126.79417419433594,91.61070251464844
0.004633204986149584,136.08702087402344,133.0774383544922,171.67562866210938,140.126220703125,123.45137786865234,90.29134368896484
0.004666537396121884,129.7071075439453,129.07957458496094,169.19580078125,138.45709228515625,119.76911163330078,90.82704162597656
0.0046998698060941825,119.30596923828125,124.02500915527344,161.23939514160156,133.93991088867188,129.78509521484375,83.59004211425781
0.004733202216066481,114.50435638427734,124.05195617675781,160.6945343017578,135.41099548339844,129.5281982421875,81.18608856201172
0.004766534626038781,107.34516906738281,115.9969482421875,152.7566680908203,130.6776885986328,134.06703186035156,76.55418395996094
0.004799867036011081,91.55850219726562,116.74748229980469,140.7053985595703,133.41366577148438,126.16806030273438,68.96992492675781
0.004833199445983379,93.15760040283203,119.57299041748047,132.33157348632812,138.53036499023438,129.9093017578125,64.9643325805664
0.004866531855955678,101.09255981445312,130.67950439453125,126.06428527832031,150.3606414794922,127.34134674072266,67.20814514160156
0.004899864265927977,106.59266662597656,148.6487274169922,120.64374542236328,166.97509765625,135.34368896484375,71.78932189941406
0.004933196675900277,111.07203674316406,157.63943481445312,119.58065032958984,175.31298828125,132.14112854003906,84.58139038085938
0.004966529085872576,118.05565643310547,158.05136108398438,121.98880004882812,171.08631896972656,124.88384246826172,93.02509307861328
0.004999861495844875,131.98330688476562,160.040283203125,124.27446746826172,168.1858367919922,117.86891174316406,101.5473403930664
0.005033193905817174,143.0230712890625,161.48680114746094,126.12464141845703,164.53314208984375,113.14242553710938,90.9311294555664
0.005066526315789474,151.3804931640625,168.10768127441406,130.40565490722656,160.58505249023438,112.41987609863281,79.261474609375
0.005099858725761772,156.30116271972656,171.2202911376953,134.36672973632812,157.08401489257812,112.4493179321289,82.13069152832031
0.005133191135734072,161.6136932373047,170.54576110839844,140.5294189453125,157.6266326904297,112.66063690185547,95.95232391357422
0.005166523545706371,158.67759704589844,164.69129943847656,143.24977111816406,160.50064086914062,113.20286560058594,103.22454833984375
0.00519985595567867,156.1287384033203,156.66651916503906,145.91249084472656,164.9733428955078,117.5987319946289,104.67170715332031
0.005233188365650969,153.0470733642578,142.28005981445312,150.29913330078125,170.67161560058594,118.16082000732422,105.29558563232422
0.005266520775623269,152.40676879882812,117.32283782958984,154.0390167236328,165.6793975830078,121.49390411376953,117.303466796875
0.005299853185595568,158.4137420654297,96.154541015625,160.70269775390625,152.38568115234375,124.49900817871094,130.82186889648438
0.0053331855955678666,159.04583740234375,91.51274871826172,165.00494384765625,142.5675811767578,129.94967651367188,126.35262298583984
0.005366518005540165,160.64524841308594,93.208251953125,173.85165405273438,134.1894073486328,122.74773406982422,113.41238403320312
0.005399850415512465,165.26239013671875,100.75240325927734,174.49853515625,127.12144470214844,123.30219268798828,110.2420883178711
0.005433182825484765,165.13107299804688,108.8911361694336,170.0664520263672,122.22869873046875,128.79127502441406,107.33009338378906
0.0054665152354570635,165.56471252441406,115.27456665039062,168.0850372314453,118.74002075195312,147.0677947998047,104.48175811767578
0.005499847645429362,162.95611572265625,123.79722595214844,165.41554260253906,118.0679702758789,143.49893188476562,103.99590301513672
0.005533180055401662,158.7335205078125,134.4412841796875,163.8806610107422,122.38910675048828,151.26902770996094,104.1017074584961
0.005566512465373961,156.90145874023438,141.59523010253906,166.30758666992188,126.37600708007812,151.19961547851562,103.19799041748047
0.00559984487534626,152.98788452148438,143.2383575439453,164.63531494140625,130.27964782714844,158.5967559814453,104.8426284790039
0.005633177285318559,148.13075256347656,145.48959350585938,164.1223907470703,137.2590789794922,162.08387756347656,96.30314636230469
0.005666509695290858,134.6991424560547,135.56976318359375,168.25616455078125,139.68101501464844,155.90345764160156,91.76554107666016
0.005699842105263158,123.88397216796875,125.22634887695312,169.61477661132812,138.44305419921875,153.18853759765625,86.7802963256836
0.005733174515235457,114.77042388916016,114.1584243774414,161.4923095703125,132.11068725585938,160.16908264160156,87.05565643310547
0.005766506925207756,95.61410522460938,119.45295715332031,147.80828857421875,140.9647979736328,152.72186279296875,86.73445129394531
0.005799839335180055,94.80213165283203,132.40682983398438,137.9688720703125,154.92227172851562,153.46607971191406,82.55535125732422
0.005833171745152354,96.52899169921875,148.3404998779297,126.9335708618164,166.54116821289062,148.8483428955078,79.1612777709961
0.005866504155124653,102.93998718261719,156.81727600097656,126.18960571289062,177.78634643554688,141.5464630126953,92.65111541748047
0.005899836565096953,118.22216033935547,158.24644470214844,132.37969970703125,171.5345916748047,136.7724609375,99.45785522460938
0.005933168975069251,134.76976013183594,154.59420776367188,136.81878662109375,168.48770141601562,129.4214324951172,106.92147827148438
0.005966501385041551,152.81394958496094,141.8447265625,143.0067596435547,172.23194885253906,126.1346664428711,113.5077133178711
0.00599983379501385,161.1554412841797,126.91098022460938,145.6841583251953,177.46710205078125,120.79068756103516,124.0511245727539
0.006033166204986149,164.46653747558594,110.98836517333984,152.06365966796875,173.25584411621094,126.3943862915039,141.70440673828125
0.006066498614958449,168.79769897460938,88.89337921142578,156.73629760742188,162.02928161621094,126.84037780761719,146.41921997070312
0.006099831024930748,165.93136596679688,64.33723449707031,160.19142150878906,143.4733428955078,125.51011657714844,151.2067108154297
0.006133163434903046,165.08673095703125,56.9420280456543,164.7255096435547,131.8787078857422,122.84628295898438,149.69297790527344
0.006166495844875346,158.28448486328125,58.69940948486328,168.10720825195312,120.56937408447266,117.115478515625,144.61984252929688
0.006199828254847646,159.486572265625,64.25079345703125,174.90858459472656,111.68197631835938,114.77203369140625,127.62387084960938
0.0062331606648199445,159.64559936523438,75.1568374633789,173.92079162597656,112.70365905761719,111.6920394897461,111.03284454345703
0.006266493074792243,158.11532592773438,89.7342529296875,168.2524871826172,116.35440063476562,137.8398895263672,102.41572570800781
0.006299825484764542,151.17469787597656,107.35041046142578,165.81057739257812,123.01509094238281,149.26622009277344,101.69364166259766
0.006333157894736842,137.52821350097656,125.01824188232422,166.27572631835938,132.73751831054688,142.1150665283203,92.92279052734375
0.006366490304709141,122.20142364501953,137.32412719726562,169.44876098632812,139.96287536621094,146.03253173828125,91.66722869873047
0.006399822714681439,109.91517639160156,135.89552307128906,173.32521057128906,141.65652465820312,148.64273071289062,87.75489044189453
0.006433155124653739,97.68769836425781,135.67535400390625,171.25152587890625,141.7014617919922,149.13133239746094,88.40601348876953
0.006466487534626039,81.7642822265625,131.6206512451172,163.87139892578125,140.4326629638672,151.6088409423828,91.12195587158203
0.0064998199445983375,58.99950408935547,124.4903564453125,143.3550262451172,141.76544189453125,155.98240661621094,79.17359924316406
0.006533152354570637,58.651973724365234,126.34064483642578,132.2095947265625,148.30450439453125,153.86363220214844,72.01737976074219
0.006566484764542936,68.64653778076172,138.28155517578125,123.00688934326172,160.08718872070312,150.65771484375,67.40624237060547
0.006599817174515235,87.28760528564453,155.5845947265625,120.79492950439453,175.82106018066406,145.80128479003906,78.08197784423828
0.006633149584487534,100.45914459228516,156.91293334960938,123.55753326416016,173.9906005859375,135.735107421875,92.16149139404297
0.006666481994459834,118.03529357910156,156.6996612548828,129.11476135253906,169.95205688476562,142.2635955810547,100.90995025634766
0.006699814404432133,139.24884033203125,148.99183654785156,134.96676635742188,169.7933349609375,133.72593688964844,112.7518310546875
0.006733146814404432,157.38702392578125,136.46530151367188,142.1542510986328,171.2464599609375,131.59423828125,131.5603485107422
0.0067664792243767305,164.85523986816406,118.56437683105469,147.38087463378906,174.5771484375,130.38739013671875,143.34628295898438
0.00679981163434903,108.51837921142578,147.446044921875,164.2017364501953,162.45994567871094,146.0470428466797,88.5228500366211
0.00683314404432133,155.02301025390625,93.66043853759766,162.04580688476562,157.6199493408203,127.40800476074219,147.40235900878906
0.006866476454293628,161.88575744628906,63.42462921142578,162.48106384277344,142.2274932861328,122.01862335205078,154.56106567382812
0.006899808864265927,164.65435791015625,55.57575988769531,167.03953552246094,130.05584716796875,123.46403503417969,153.92343139648438
0.006933141274238227,162.1899871826172,61.76426315307617,169.1255340576172,121.25213623046875,118.10536193847656,151.2316131591797
0.006966473684210526,159.22549438476562,67.64032745361328,172.18984985351562,114.8284683227539,111.77066802978516,125.21935272216797
0.0069998060941828255,159.68312072753906,82.9528579711914,168.4560089111328,115.79569244384766,149.5611572265625,117.32097625732422
0.007033138504155124,154.5034637451172,98.90892028808594,166.16827392578125,121.81710815429688,149.26918029785156,104.45317840576172
0.007066470914127423,143.50428771972656,118.94488525390625,164.9387969970703,132.02926635742188,146.73582458496094,87.19779968261719
0.007099803324099723,128.52310180664062,135.57217407226562,166.3050079345703,139.1868896484375,146.7535858154297,85.92371368408203
0.0071331357340720224,111.88155364990234,145.27566528320312,172.08908081054688,144.00711059570312,149.9517822265625,89.88127136230469
0.00716646814404432,99.57815551757812,147.85646057128906,173.14212036132812,147.8970947265625,152.56082153320312,87.82537841796875
0.00719980055401662,94.92764282226562,143.44219970703125,170.9713134765625,146.6334991455078,146.65274047851562,92.04444885253906
0.007233132963988919,80.97749328613281,125.12606048583984,151.19076538085938,143.9134979248047,157.9861602783203,77.7934341430664
0.0072664653739612185,60.399940490722656,133.87435913085938,137.58651733398438,150.45733642578125,151.77713012695312,74.54378509521484
0.007299797783933518,58.87942123413086,133.66342163085938,130.30844116210938,155.5167999267578,153.28172302246094,69.31200408935547
0.007333130193905816,69.37860107421875,144.4197235107422,121.80252838134766,167.3553009033203,141.695556640625,67.33873748779297
0.007366462603878116,88.13455963134766,152.36752319335938,120.52934265136719,176.97779846191406,135.6642303466797,74.97097778320312
0.007399795013850415,101.67681121826172,158.42410278320312,123.14047241210938,173.35275268554688,130.4148712158203,86.51966857910156
0.007433127423822714,112.7005844116211,157.5813751220703,126.16401672363281,169.0996551513672,130.0770721435547,93.97435760498047
0.007466459833795014,128.51763916015625,150.12937927246094,129.7313995361328,169.76829528808594,125.73892211914062,99.12138366699219
0.007499792243767313,143.0706787109375,142.85032653808594,134.56256103515625,170.3618927001953,122.57280731201172,111.81318664550781
0.0075331246537396115,140.279541015625,137.51353454589844,158.98562622070312,167.1444854736328,138.5301513671875,101.6417007446289
0.007566457063711911,161.29812622070312,115.35479736328125,150.10585021972656,173.45008850097656,116.10474395751953,130.99429321289062
0.007599789473684211,164.36058044433594,97.94734954833984,149.4528045654297,169.2441864013672,120.06095886230469,153.65835571289062
0.007633121883656509,162.1510772705078,88.04338073730469,150.3629150390625,165.15823364257812,120.43789672851562,155.359619140625
0.007666454293628808,159.7550048828125,78.31639862060547,152.7369384765625,162.06484985351562,120.91984558105469,158.70346069335938
0.007699786703601107,162.62742614746094,70.4164810180664,157.77920532226562,153.2580108642578,116.51409912109375,161.40003967285156
0.007733119113573407,160.531005859375,60.40980911254883,159.52899169921875,143.98190307617188,115.01964569091797,158.7613983154297
0.0077664515235457065,161.3892059326172,56.78611755371094,161.38278198242188,140.42234802246094,113.4030990600586,157.82798767089844
0.0077997839335180045,159.1234588623047,56.40571212768555,161.79515075683594,136.5929412841797,114.0532455444336,157.1365509033203
0.007833116343490305,161.1476287841797,56.467838287353516,165.41412353515625,130.68017578125,119.31863403320312,151.2987060546875
0.007866448753462603,160.3919677734375,54.631839752197266,168.23484802246094,122.51080322265625,122.75350952148438,150.18923950195312
0.007899781163434903,162.25474548339844,54.43941116333008,169.91456604003906,119.13094329833984,120.9184341430664,150.5850372314453
0.0079331135734072,162.89524841308594,60.52558135986328,173.4420623779297,118.03498840332031,115.43253326416016,137.3999786376953
0.0079664459833795,159.37667846679688,62.52964401245117,173.77880859375,116.10527801513672,109.24744415283203,123.74872589111328
0.0079997783933518,155.99758911132812,65.53780364990234,172.73606872558594,114.99971008300781,110.18991088867188,116.59471130371094
0.0080331108033241,158.40701293945312,68.75182342529297,175.36387634277344,111.09154510498047,110.927734375,114.69926452636719
0.0080664432132964,158.68927001953125,72.84414672851562,175.4042205810547,110.37226867675781,115.5047607421875,116.72647094726562
0.008099775623268699,159.30906677246094,74.9820327758789,173.69569396972656,111.1202621459961,114.49205780029297,111.05513000488281
0.008133108033240997,158.44647216796875,74.7372817993164,173.01065063476562,109.99871826171875,122.52651977539062,111.18114471435547
0.008166440443213295,159.11538696289062,76.0035400390625,171.82601928710938,109.07151794433594,131.3267822265625,110.33112335205078
0.008199772853185594,158.4575653076172,78.40538787841797,170.2858428955078,109.2500991821289,144.2950439453125,110.86426544189453
0.008233105263157894,159.5288848876953,80.71172332763672,168.57154846191406,109.91063690185547,153.91888427734375,110.81320190429688
0.008266437673130194,157.4742889404297,82.88848876953125,167.47509765625,111.97930145263672,156.56503295898438,107.85265350341797
0.008299770083102493,159.4438018798828,88.17388916015625,165.2591552734375,115.41214752197266,158.97035217285156,105.22145080566406
0.008333102493074791,156.96131896972656,91.41693115234375,165.87451171875,115.82283020019531,160.56427001953125,100.51173400878906
0.008366434903047091,153.45909118652344,94.21646118164062,166.21275329589844,117.07001495361328,161.1201171875,99.53814697265625
0.00839976731301939,151.6527862548828,96.25935363769531,166.26974487304688,118.17815399169922,161.66018676757812,98.8950424194336
0.00843309972299169,148.68069458007812,101.5704116821289,166.13543701171875,121.83627319335938,162.09144592285156,93.72855377197266
0.00846643213296399,146.14292907714844,108.5580825805664,165.38482666015625,126.04933166503906,163.175537109375,91.80281066894531
0.008499764542936286,143.22781372070312,113.18125915527344,166.06341552734375,127.73712921142578,162.09185791015625,92.5425033569336
0.008533096952908586,139.2268829345703,117.96881103515625,166.5809326171875,130.6944580078125,158.40806579589844,94.63306427001953
0.008566429362880885,136.21099853515625,120.039306640625,167.2022247314453,132.1746368408203,157.73768615722656,91.80742645263672
0.008599761772853185,133.03721618652344,122.56938171386719,167.78146362304688,133.03028869628906,158.82589721679688,91.53231048583984
0.008633094182825485,129.22735595703125,125.19830322265625,168.41302490234375,134.09181213378906,158.94651794433594,90.97144317626953
0.008666426592797784,126.935302734375,129.10011291503906,167.0802459716797,135.922119140625,160.5717315673828,86.76822662353516
0.008699759002770082,126.45246124267578,130.40478515625,168.12242126464844,136.33103942871094,160.90980529785156,87.12352752685547
0.008733091412742382,123.93255615234375,131.658447265625,169.49412536621094,138.3130645751953,160.30593872070312,88.47491455078125
0.008766423822714682,120.17158508300781,133.54080200195312,171.79151916503906,140.26126098632812,161.43087768554688,86.89595794677734
0.00879975623268698,114.65470886230469,134.08058166503906,173.79949951171875,140.6416015625,159.07603454589844,87.35983276367188
0.00883308864265928,115.662353515625,139.67218017578125,175.0078125,144.57269287109375,158.230224609375,85.69883728027344
0.008866421052631577,109.5598373413086,139.4505157470703,177.35476684570312,142.98951721191406,159.14028930664062,84.73868560791016
0.008899753462603877,108.2402572631836,132.8804473876953,176.9062957763672,139.6871337890625,158.33485412597656,81.40703582763672
0.008933085872576177,105.71919250488281,134.49407958984375,176.08432006835938,140.5614471435547,158.29983520507812,82.39651489257812
0.008966418282548476,103.47116088867188,133.4464111328125,175.87274169921875,140.1891326904297,158.693115234375,83.01263427734375
0.008999750692520776,101.82180786132812,129.73680114746094,174.23489379882812,137.9894256591797,156.72743225097656,83.8640365600586
0.009033083102493076,95.59523010253906,134.78927612304688,172.22865295410156,140.76174926757812,153.49732971191406,85.6531982421875
0.009066415512465373,93.83799743652344,131.43914794921875,170.0657958984375,138.88621520996094,151.12672424316406,88.21540069580078
0.009099747922437671,92.75550842285156,131.06373596191406,169.47158813476562,139.8249969482422,149.5112762451172,89.55636596679688
0.009133080332409971,93.24555969238281,133.14996337890625,169.62939453125,141.39825439453125,149.24884033203125,91.98465728759766
0.00916641274238227,92.29011535644531,135.53012084960938,169.8896942138672,143.3260040283203,150.0424041748047,91.38121795654297
0.00919974515235457,84.47303771972656,136.42088317871094,165.87408447265625,142.84861755371094,149.6736602783203,91.17057800292969
0.00923307756232687,79.35018920898438,135.8368682861328,162.72195434570312,141.8802032470703,147.40843200683594,91.68448638916016
0.009266409972299168,75.48775482177734,136.31651306152344,160.50039672851562,143.06076049804688,149.06578063964844,89.00651550292969
0.009299742382271468,62.624000549316406,138.59487915039062,153.58351135253906,146.78314208984375,151.27276611328125,88.31072998046875
0.009333074792243767,56.227542877197266,145.2034149169922,148.8687744140625,153.0188446044922,154.8900909423828,83.41730499267578
0.009366407202216067,52.70099639892578,141.13059997558594,144.52871704101562,152.44540405273438,157.26187133789062,77.1706314086914
0.009399739612188365,49.852622985839844,132.2952117919922,139.97569274902344,147.54983520507812,155.37115478515625,73.29820251464844
0.009433072022160663,48.448081970214844,135.26266479492188,138.4005889892578,149.51205444335938,153.62396240234375,75.24839782714844
0.009466404432132963,47.25340270996094,135.59429931640625,135.72251892089844,150.2327880859375,150.91769409179688,77.17770385742188
0.009499736842105262,49.600830078125,136.8372039794922,132.53273010253906,151.99301147460938,149.33628845214844,76.9145736694336
0.009533069252077562,50.229854583740234,133.27597045898438,129.397216796875,151.6008758544922,147.07191467285156,75.19550323486328
0.009566401662049862,50.6605224609375,131.984375,127.20411682128906,153.42291259765625,146.87149047851562,74.46111297607422
0.009599734072022161,55.45039749145508,129.61572265625,125.73530578613281,153.86997985839844,147.5801239013672,74.6770248413086
0.009633066481994459,56.52336502075195,131.76808166503906,122.73795318603516,156.89427185058594,145.13528442382812,69.38753509521484
0.009666398891966759,59.05834197998047,134.58216857910156,123.54974365234375,159.04290771484375,149.390625,70.5604019165039
0.009699731301939058,65.66912841796875,139.24378967285156,123.5024642944336,162.70419311523438,148.8959503173828,71.35064697265625
0.009733063711911356,70.52933502197266,141.28062438964844,121.52082824707031,164.6376495361328,144.55787658691406,70.13783264160156
0.009766396121883656,76.0512924194336,145.06773376464844,120.77320861816406,167.8406219482422,143.90219116210938,73.99786376953125
0.009799728531855954,75.26498413085938,148.77696228027344,119.12562561035156,171.5413818359375,136.3009490966797,71.91316986083984
0.009833060941828254,76.14680480957031,154.213134765625,116.47085571289062,173.3700408935547,133.2719268798828,71.11985778808594
0.009866393351800553,80.23590087890625,154.9323272705078,115.83885955810547,176.25173950195312,133.3245849609375,70.58614349365234
0.009899725761772853,83.92743682861328,156.54925537109375,116.08348846435547,176.43069458007812,133.50770568847656,71.80579376220703
0.009933058171745153,86.6285171508789,154.10853576660156,115.3662109375,176.72659301757812,130.09165954589844,73.81696319580078
0.009966390581717452,88.60720825195312,153.34156799316406,115.50942993164062,175.41758728027344,127.57498931884766,72.1053695678711
0.00999972299168975,92.72493743896484,154.71768188476562,117.2208480834961,172.923828125,130.0658721923828,80.23524475097656
0.010033055401662048,93.56721496582031,154.9259796142578,117.62564849853516,172.4812469482422,126.35315704345703,80.05665588378906
0.010066387811634348,98.54893493652344,154.94520568847656,118.45328521728516,172.86965942382812,125.92041015625,85.18167114257812
0.010099720221606647,101.1031265258789,156.05526733398438,118.7159652709961,171.55250549316406,122.95304870605469,85.23920440673828
0.010133052631578947,102.27224731445312,153.02452087402344,118.987548828125,171.4896240234375,124.09564971923828,86.99803924560547
0.010166385041551247,105.3344955444336,152.7933349609375,120.4864501953125,169.89183044433594,128.5012664794922,91.66351318359375
0.010199717451523545,110.06385040283203,153.57516479492188,123.27619171142578,168.9578094482422,126.02823638916016,94.01678466796875
0.010233049861495844,114.88302612304688,153.54693603515625,126.56666564941406,166.9423370361328,129.6790313720703,101.5530014038086
0.010266382271468144,118.9073715209961,151.50877380371094,128.36312866210938,167.0409698486328,133.34066772460938,104.010009765625
0.010299714681440444,124.06999969482422,149.9813995361328,130.77626037597656,166.67169189453125,136.16598510742188,113.70308685302734
0.010333047091412742,127.42622375488281,149.19142150878906,132.05709838867188,166.58587646484375,132.13784790039062,114.58463287353516
0.01036637950138504,132.5868377685547,149.5722198486328,133.4423828125,167.0694122314453,137.08627319335938,121.35132598876953
0.01039971191135734,135.41958618164062,144.56036376953125,133.72569274902344,168.71875,131.1488037109375,115.89830780029297
0.010433044321329639,140.94918823242188,144.55157470703125,135.6360321044922,168.31146240234375,132.6329803466797,113.99861145019531
0.010466376731301939,146.08416748046875,142.6039581298828,137.18405151367188,168.39352416992188,132.40670776367188,115.68948364257812
0.010499709141274238,149.1929168701172,138.9571990966797,139.28343200683594,166.69142150878906,125.165283203125,116.80498504638672
0.010533041551246538,156.53004455566406,138.7388916015625,141.8007049560547,167.48556518554688,129.5537109375,121.92625427246094
0.010566373961218836,159.56394958496094,134.96177673339844,143.2145233154297,168.21038818359375,127.24242401123047,121.36032104492188
0.010599706371191136,160.79461669921875,126.21709442138672,141.9958953857422,172.50270080566406,125.1552963256836,125.88731384277344
0.010633038781163433,163.66859436035156,125.84601593017578,144.76943969726562,172.0629425048828,123.65658569335938,131.70697021484375
0.010666371191135733,165.14512634277344,122.85321044921875,144.57830810546875,172.52894592285156,125.3174057006836,134.1995849609375
0.010699703601108033,166.34523010253906,120.71192169189453,145.6583251953125,172.58924865722656,127.3243408203125,136.1270751953125
0.01073303601108033,165.8511962890625,120.79824829101562,147.2456512451172,169.89503479003906,129.38638305664062,133.99685668945312
0.01076636842105263,165.56312561035156,115.92420959472656,147.4461669921875,170.63502502441406,127.58573150634766,134.80111694335938
0.01079970083102493,165.66395568847656,100.79005432128906,147.20114135742188,168.38328552246094,119.15373992919922,140.45347595214844
0.01083303324099723,165.5324249267578,96.84566497802734,148.0399169921875,168.0903778076172,122.19705200195312,144.84425354003906
0.01086636565096953,165.78053283691406,94.55115509033203,149.39573669433594,167.9974822998047,124.92529296875,152.07574462890625
0.010899698060941829,165.7816925048828,87.9541244506836,150.39430236816406,164.05804443359375,127.22514343261719,151.88414001464844
0.010933030470914127,164.4619598388672,84.75379180908203,151.59426879882812,162.27880859375,124.29706573486328,151.64002990722656
0.010966362880886425,164.2894744873047,82.72920227050781,152.3693084716797,160.5674591064453,124.20292663574219,153.86390686035156
0.010999695290858725,163.4248504638672,77.72991943359375,154.41868591308594,158.30075073242188,122.96771240234375,153.80136108398438
0.011033027700831024,162.3574676513672,71.81532287597656,155.45651245117188,154.04966735839844,123.81553649902344,156.0500030517578
0.011066360110803324,162.99609375,64.5222396850586,157.51858520507812,146.48809814453125,123.17646789550781,154.4420623779297
0.011099692520775624,161.27267456054688,56.95492172241211,160.14808654785156,140.9969482421875,121.67002868652344,153.34735107421875
0.011133024930747921,161.3047332763672,57.55474090576172,161.30894470214844,135.4658660888672,117.64189910888672,154.6278839111328
0.011166357340720221,164.2550506591797,56.539520263671875,164.0902557373047,127.88882446289062,119.52059936523438,151.99945068359375
0.01119968975069252,159.76878356933594,56.382408142089844,164.45130920410156,119.72725677490234,120.76033782958984,148.5660400390625
0.01123302216066482,155.0795135498047,60.27874755859375,166.03033447265625,113.4309310913086,111.88582611083984,129.723876953125
0.011266354570637118,154.913818359375,65.71493530273438,172.0064239501953,104.7828140258789,114.16869354248047,120.32966613769531
0.011299686980609416,156.0596160888672,71.62093353271484,177.06268310546875,103.06532287597656,119.40299224853516,116.42255401611328
0.011333019390581716,157.02394104003906,82.0950698852539,173.22227478027344,108.13825225830078,135.30267333984375,111.21245574951172
0.011366351800554016,154.49452209472656,100.35160064697266,169.17697143554688,117.46061706542969,146.85487365722656,102.98926544189453
0.011399684210526315,147.56459045410156,116.04630279541016,167.21151733398438,123.14698028564453,145.19110107421875,94.44092559814453
0.011433016620498615,130.95167541503906,131.245361328125,169.7799835205078,133.1118927001953,142.4368133544922,87.25881958007812
0.011466349030470915,118.74745178222656,142.94639587402344,177.4983673095703,139.36293029785156,153.1989288330078,88.55814361572266
0.011499681440443213,102.07901763916016,139.78367614746094,174.16017150878906,139.80674743652344,151.89230346679688,86.44624328613281
0.011533013850415512,97.03459930419922,137.32728576660156,170.9938201904297,141.6475372314453,150.08404541015625,89.79075622558594
0.01156634626038781,72.3502197265625,141.54702758789062,156.70411682128906,145.0533905029297,153.8150177001953,92.08108520507812
0.01159967867036011,56.035919189453125,146.51339721679688,141.68531799316406,154.55776977539062,152.02345275878906,82.16397094726562
0.01163301108033241,54.82466125488281,139.6112823486328,132.0887451171875,158.16368103027344,149.41184997558594,75.26591491699219
0.011666343490304707,67.62417602539062,148.06622314453125,122.9378662109375,167.25863647460938,143.2382049560547,71.87150573730469
0.011699675900277007,83.14310455322266,154.84796142578125,117.1925048828125,178.91700744628906,133.35458374023438,71.85535430908203
0.011733008310249307,96.59139251708984,158.35317993164062,118.29312133789062,172.9634552001953,125.04432678222656,80.58346557617188
0.011766340720221606,112.9447021484375,156.21463012695312,123.62000274658203,169.43072509765625,130.75439453125,95.8076171875
0.011799673130193906,134.81033325195312,148.28009033203125,129.28765869140625,170.034423828125,130.2137451171875,110.5911865234375
0.011833005540166206,151.91738891601562,135.57806396484375,137.14666748046875,172.1173095703125,120.7768325805664,118.6566390991211
0.011866337950138502,163.77464294433594,115.2487564086914,143.95626831054688,175.0859375,116.51234436035156,138.359619140625
0.011899670360110802,166.10757446289062,96.35807800292969,149.82345581054688,168.2653350830078,123.76101684570312,158.46170043945312
0.011933002770083101,163.7248077392578,83.82795715332031,153.5493927001953,163.93797302246094,124.32369232177734,158.7801971435547
0.011966335180055401,160.8597412109375,63.659217834472656,159.04969787597656,146.76377868652344,117.76493072509766,157.23178100585938
0.0119996675900277,158.82818603515625,56.33892059326172,160.78811645507812,130.84779357910156,115.36872100830078,151.91839599609375
